Condotta,Portata [l/s],Pendenza,Diametro,G,theta,Rh,tau,Criterio di autopulizia (tau>2 Pa)
c14,124.27000000000001,0.028663,0.273,0.7070669995400872,228.92958422798392,0.08112771116899617,22.811816771174353,Verificato!
