Diametro esterno [mm],Prezzi [€/m]
160,13.115786740577974
200,40.01
250,52.64
315,69.28
350,90.64650068495335
400,100.35
465,137.5729854407595
500,144.8
580,184.49947019656565
630,216.37
700,233.4662368982764
800,274.2718758163687
930,327.31920640988875
1000,355.88315365255335
1200,437.494431488738
