Condotta,Portata [l/s],Pendenza,Diametro,G,theta,Rh,tau,Criterio di autopulizia (tau>2 Pa)
c00,2396.294,0.008,1.025,0.7489773503746182,239.72955218730237,0.3091438960192158,24.26161295958806,Verificato!
