Condotta,Portata [l/s],Pendenza,Diametro,G,theta,Rh,tau,Criterio di autopulizia (tau>2 Pa)
c01,518.562,0.019925,0.5,0.7070669995400872,228.92958422798392,0.14858555159156805,29.043163402682154,Verificato!
