Condotta,Portata [l/s],Pendenza,Diametro,G,theta,Rh,tau,Criterio di autopulizia (tau>2 Pa)
c02,452.471,0.020917,0.5,0.6333231544270911,210.92959943193347,0.14245199626699862,29.230547062043907,Verificato!
