Condotta,Portata [l/s],Pendenza,Diametro,G,theta,Rh,tau,Criterio di autopulizia (tau>2 Pa)
c03,302.252,0.026677,0.4,0.663318481968382,218.12955897288592,0.11621825483235855,30.414476508637353,Verificato!
