Condotta,Portata [l/s],Pendenza,Diametro,G,theta,Rh,tau,Criterio di autopulizia (tau>2 Pa)
c04,162.443,0.026834,0.4,0.4465623435320012,167.7295557073211,0.09274018040854835,24.413067910624097,Verificato!
