Condotta,Portata [l/s],Pendenza,Diametro,G,theta,Rh,tau,Criterio di autopulizia (tau>2 Pa)
c05,72.4,0.025993,0.218,0.7757121765040493,246.92956902403432,0.06613443030937179,16.86370634337902,Verificato!
