Condotta,Portata [l/s],Pendenza,Diametro,G,theta,Rh,tau,Criterio di autopulizia (tau>2 Pa)
c06,1929.646,0.013963,0.853,0.7489773503746182,239.72955218730237,0.25726804224818645,35.2398123410711,Verificato!
