Condotta,Portata [l/s],Pendenza,Diametro,G,theta,Rh,tau,Criterio di autopulizia (tau>2 Pa)
c07,1387.8760000000002,0.0085,0.8,0.7886779778472035,250.52957744240032,0.24312404590410966,20.272898567714186,Verificato!
