Condotta,Portata [l/s],Pendenza,Diametro,G,theta,Rh,tau,Criterio di autopulizia (tau>2 Pa)
c08,1330.824,0.01,0.8,0.6028014225573813,203.7295825952015,0.22263490210731748,21.840483896727847,Verificato!
