Condotta,Portata [l/s],Pendenza,Diametro,G,theta,Rh,tau,Criterio di autopulizia (tau>2 Pa)
c09,1307.339,0.016132,0.8,0.6028014225573813,203.7295825952015,0.22263490210731748,35.23306862220136,Verificato!
