Condotta,Portata [l/s],Pendenza,Diametro,G,theta,Rh,tau,Criterio di autopulizia (tau>2 Pa)
c10,1016.6429999999999,0.015757,0.69,0.663318481968382,218.12955897288592,0.20047648958581848,30.988887935220706,Verificato!
