Condotta,Portata [l/s],Pendenza,Diametro,G,theta,Rh,tau,Criterio di autopulizia (tau>2 Pa)
c11,963.72,0.004737,0.853,0.663318481968382,218.12955897288592,0.24783542843000458,11.516904924079459,Verificato!
