Condotta,Portata [l/s],Pendenza,Diametro,G,theta,Rh,tau,Criterio di autopulizia (tau>2 Pa)
c12,211.837,0.035638,0.344,0.6181205741377093,207.32959101356747,0.0969112638818128,33.88102873397864,Verificato!
