Condotta,Portata [l/s],Pendenza,Diametro,G,theta,Rh,tau,Criterio di autopulizia (tau>2 Pa)
c13,162.918,0.018115,0.344,0.6483939215082071,214.52955055451991,0.09901930239038519,17.596537042085927,Verificato!
