Condotta,Portata [l/s],Pendenza,Diametro,G,theta,Rh,tau,Criterio di autopulizia (tau>2 Pa)
c14,127.29300000000002,0.026503,0.273,0.7352349303614265,236.1296010647159,0.08200023317451892,21.319603884076134,Verificato!
