Condotta,Portata [l/s],Pendenza,Diametro,G,theta,Rh,tau,Criterio di autopulizia (tau>2 Pa)
c15,71.12599999999999,0.004935,0.3,0.7489773503746182,239.72955218730237,0.09048114029830708,4.380404632520746,Verificato!
