Condotta,Portata [l/s],Pendenza,Diametro,G,theta,Rh,tau,Criterio di autopulizia (tau>2 Pa)
c16,167.02100000000002,0.021797,0.344,0.6181205741377093,207.32959101356747,0.0969112638818128,20.722396972740682,Verificato!
