Condotta,Portata [l/s],Pendenza,Diametro,G,theta,Rh,tau,Criterio di autopulizia (tau>2 Pa)
c17,164.96,0.018006,0.344,0.663318481968382,218.12955897288592,0.09994769915582834,17.654647638508482,Verificato!
