Condotta,Portata [l/s],Pendenza,Diametro,G,theta,Rh,tau,Criterio di autopulizia (tau>2 Pa)
c18,264.679,0.019795,0.4,0.663318481968382,218.12955897288592,0.11621825483235855,22.568300876728134,Verificato!
