Condotta,Portata [l/s],Pendenza,Diametro,G,theta,Rh,tau,Criterio di autopulizia (tau>2 Pa)
c19,503.992,0.003003,0.69,0.7352349303614265,236.1296010647159,0.20725333659493791,6.105565161685012,Verificato!
