Condotta,Portata [l/s],Pendenza,Diametro,G,theta,Rh,tau,Criterio di autopulizia (tau>2 Pa)
c21,157.389,0.0246,0.3,0.7352349303614265,236.1296010647159,0.09011014634562518,21.74592117700434,Verificato!
