Condotta,Portata [l/s],Pendenza,Diametro,G,theta,Rh,tau,Criterio di autopulizia (tau>2 Pa)
c22,297.025,0.025576,0.4,0.663318481968382,218.12955897288592,0.11621825483235855,29.15922521966147,Verificato!
