Condotta,Portata [l/s],Pendenza,Diametro,G,theta,Rh,tau,Criterio di autopulizia (tau>2 Pa)
c23,473.924,0.003,0.69,0.7070669995400872,228.92958422798392,0.2050480611963639,6.03456444100899,Verificato!
