Condotta,Portata [l/s],Pendenza,Diametro,G,theta,Rh,tau,Criterio di autopulizia (tau>2 Pa)
c24,584.799,0.004,0.69,0.7352349303614265,236.1296010647159,0.20725333659493791,8.132620927985364,Verificato!
