Condotta,Portata [l/s],Pendenza,Diametro,G,theta,Rh,tau,Criterio di autopulizia (tau>2 Pa)
c27,90.10900000000001,0.005,0.344,0.678081866050797,221.72956739125195,0.10079179722746787,4.943837654007299,Verificato!
