Condotta,Portata [l/s],Pendenza,Diametro,G,theta,Rh,tau,Criterio di autopulizia (tau>2 Pa)
c28,152.802,0.001345,0.5,0.7757121765040493,246.92956902403432,0.15168447318663253,2.0013931972373635,Verificato!
