Condotta,Portata [l/s],Pendenza,Diametro,G,theta,Rh,tau,Criterio di autopulizia (tau>2 Pa)
c29,288.528,0.001,0.69,0.7352349303614265,236.1296010647159,0.20725333659493791,2.033155231996341,Verificato!
